snapshot_at_utc,videoId,title,channelTitle,viewCount
,sPLqsLsooJY,"米津玄師, 宇多田ヒカル Kenshi Yonezu, Hikaru Utada -  JANE DOE",Kenshi Yonezu  米津玄師,3939359
,lwlw0ChiSR0,Forza Horizon 6 - Official Teaser Trailer | Tokyo Game Show 2025,Forza,849959
,P6p3pos_54g,【公式】『ポケポケ』拡張パック「ハイクラスパックex」,ポケモン公式YouTubeチャンネル,459524
,kW5Wq-W_Kpc,STARGLOW / Moonchaser -Behind The Scenes-,STARGLOW Official,175393
,ITKHKz_UVjE,＜TWICE : ONE IN A MILL10N＞10th Anniversary Documentary Main Trailer,TWICE,103223
,gG3_yzSjwBs,モンストニュース[9/25]『アニメ〈物語〉シリーズ』超究極「忍野扇」降臨！や12周年期間限定クエスト、モンフリ追加情報など、まもなく12周年を迎えるモンストの最新情報をお届けします！【モンスト公式】,モンスト（モンスターストライク）公式,404842
,KgzX98z_pNs,The Story of the Wind and I,Ado - Topic,112238
,83M147c4QrU,鈴木福 VS “最強”ヒグマ　映画『ヒグマ!!』予告編　『ミスミソウ』内藤瑛亮監督,シネマトゥデイ,15432
,8kMO7mg9vyU,TNTしかないネザーから脱出できるまで終われません！【マイクラ】,ドズル社,328547
,7H1u7lUBqbA,Handz In My Pocket,JO1 - Topic,33622
,ratk9GGGFDM,#5  さっくり進める SILENT HILL f ※ネタバレあり,あまり驚かないガッチマンはホラーゲームばかりやっている,56693
,svv0pOxzA9Q,"STUTS - 99 Steps feat. Kohjiya, Hana Hope / THE FIRST TAKE",THE FIRST TAKE,329281
,4GoBqeeOBz4,VALORANT Champions Paris — Playoffs Stage Day 11,VALORANT // JAPAN,302286
,-3NRu9GB8zs,TREASURE - ‘NOW FOREVER’ DANCE PERFORMANCE VIDEO,TREASURE (트레저),786306
,DShOfmHKIq4,【#ホロライブ甲子園2025】桜咲高校２年目夏‼⚾負けるな！夏大会へ挑むにぇ～！！！！！！【ホロライブ/さくらみこ】,Miko Ch. さくらみこ,516683
,LSTz4tRLRzE,GADORO - もういちど feat. 紅桜 (Pro. DJ SHINODA),GADORO,76509
,5Yn0EdTQafQ,なぜかチンパンジーがいる労働環境で穴掘り作業をすることになったらっだぁ運営【Keep Digging】,らっだぁ,245293
,KKcp_l0_YJI,Period of Blue 1990 (Music Video),浜田省吾 Official YouTube Channel,12456
,qMKgxZ3mmQ0,お友達はもっとデカい熊倒してんだからさ【龍が如く８外伝 Pirates in Hawaii】＃５,牛沢,211967
,z7vqDEQWy-s,Never Been 2 Heaven,BOYS II PLANET - Topic,22880
,YXvCtuOCAdA,ｙｔｒが今になって神台と気がついた結果【SEVEN'S TV #1406】,SEVEN’S TV,237440
,UqAX0WQas7I,「カルテNo.2222」MV/きゅるりんってしてみて,きゅるりんってしてみて,142751
,qCBu5sWh-XA,2025OB第一弾きたぞぉぉぉぉ！！清原に赤星やマシソンと豪華メンバーがきたのでコンプリートするぞ！？【プロスピA】# 1709,【V.I.P】,193471
,5RSQywFDK6Q,素人へ,粗品 Official Channel,501715
,0N9d5AWijRI,寝坊する神楽めあを起こすために誰が連絡先を交換するかで押し付け合うSHAKA達【League of Legends】,SHAKAch,179009
,1bwsFPo7OEI,Tamamono (Orchestra Version),RADWIMPS - Topic,5756
,G7impx4fC04,新番組【世のポンコツ達に勇気を与える新番組】ポンコツ珍道中 第1回 前編《まりも・ガット石神・いち花》スマスロ デビル メイ クライ5 スタイリッシュトライブ［パチスロ・スロット］,【公式】DMMぱちタウンch,145773
,jIyrJKv6I_g,チェンソーマン(Chainsaw Man)- ' IRIS OUT / 米津玄師 ' COVER by ココル原人 ｜ Cocolu Genjin,タイココちゃんねる,65743
,YlPjwAgpiHc,【複数視点】MVPをとった葛葉の繊細なプレーに気づくライバーたち&初DC勝利の反応【切り抜き/天宮こころ/ひなーの/あすみ/らむね/LTK/ゆうひ】,ホニッキ【切り抜き】,74273
,Kxhw5LEB74M,【号泣】スピッツさんご本人の目の前で思い入れのある「楓」を演奏したら観客も本人も涙が止まらなかった...【ロックロックこんにちは/spitz/ストリートピアノ】,ハラミちゃん〈harami_piano〉,74383
,IY0RH_MIWlw,加藤純一のWWE 2K25 ダイジェスト【2025/09/21】,加藤純一ロードショー,165558
,tHScz3d1sSI,"에스쿱스X민규 (SEVENTEEN) '5, 4, 3 (Pretty woman) (feat. Lay Bankz)' Official Teaser 1",HYBE LABELS,169879
,U1KhhyV6l7o,【ジョジョの奇妙な冒険 オラオラオーバードライブ】もしかして「オラドラ」ですかーッ!? 新作ジョジョゲーを遊ぶッ!【PR】,マフィア梶田と中村悠一の「わしゃがなTV」,169848
,QcuV8h_I1y0,Corbyn Besson & TZUYU (of TWICE) - Blink (Official Music Video),Corbyn Besson,100758
,kkmD_z07V5Y,【マイクラ】あんな虫やこんな虫も！？虫がたくさんの世界に飛び込め！ #1【むしむしクラフト】,まじめにヤバシティ,120485
,EHrW-PIkc8k,Alter ego,Sakurazaka46 - Topic,20480
,o6KzpLVBRHE,吾輩は猫である。名前はこごろう。,葉ちゅべ,117758
,Z2Pius2PsRQ,Rosehip tea,Yuika - Topic,14741
,BuxxU6ZJzzg,【 SILENT HILL f 】２周目！真エンド目指して！シリーズ初の日本を舞台とした完全新作！王覇山、狂気の先へ。（ 美しいがゆえにおぞましい。 ）【 にじさんじ┊︎葉山舞鈴┊︎※ネタバレ注意 】,葉山舞鈴 / Ohayama Ch.,113118
,CMOGOT0o4wE,少年忍者【PSYCHO(Kis-My-Ft2)】LIVE 2025 This is 忍者,ジュニアCHANNEL,127539
,AwJLKJGMQJE,オワ練でどぐらさんのミュート中に悪口を言うも全部筒抜けでブチギレられる立川【どぐら/かずのこ/ボンちゃん/シュート】【立川/CR/スト6】,立川ちゃんねる,91205
,ufwB9Uja_wM,Hearts2Hearts 하츠투하츠 'Pretty Please' MV,SMTOWN,4105500
,4Ei4aXhAZR8,【緊急】シャドバビヨンド初能力調整きたぁぁぁぁぁぁぁぁぁぁぁぁぁぁぁぁ！！！！！！！！【Shadowverse: Worlds Beyond】,つるおかかものはし,45527
,zZXdwy41Mvs,【KAWAII FOCUS】CUTIE STREET『かわいいさがしてくれますか？』 -MV edition-,CUTIE STREET,129903
,ba4w51eEmrk,【PR】おまけ動画575「今後の実装に期待したいキャラ」【わしゃがなTV】,4GamerSP,63482
,vpciL-AwPCY,パラノイドランデブー (Short ver.),Genin Wa Jibun Ni Aru. - Topic,7410
,bA8HYWRGKLQ,???「アルセウスは初手りゅうまいや」【ポケモンSV実況】,もこうの実況,125578
,z_Y3IwdKXuk,アイデンティティ / 天道 サン＆一 月一〈Cover〉,一 月一 / Ninomae Tsukihi / 八九百Project,33133
,p91ez1Fwo9A,【LTKスクリム】まとまりがないチームに本音を打ち明けるおぼ【らいじん/切り抜き/LoL/まざー3トナカイト/白波らむね/obo/天月/LoL解説】,とろ【公認らいじん切り抜き】,83948
,h6F4D5HObks,Da-iCE /「Tasty Beating Sound」Official Dance Practice,Da-iCE,119130
